path,bytes,sha256,provenance,machine,subsystem,certificate_table_bytes
_internal/_asyncio.pyd,74096,c77de90cad749087a0c5dc5e19d78d24f6ef44e7e5ac19b8420cfc0cea62395d,Pinned CPython runtime/standard-library native extension,0x8664,2,14192
_internal/_bz2.pyd,86896,65f610646d10d5babea080e060d244b546ec52c54012e5e937dc72dcc2e2e7bc,Pinned CPython runtime/standard-library native extension,0x8664,2,14192
_internal/_ctypes.pyd,127480,0e56107a891100535f2da79d85a5ae65ff1227b4765bd108f8593ac1a1110d81,Pinned CPython runtime/standard-library native extension,0x8664,2,13304
_internal/_decimal.pyd,262000,aeacfead2befcc0768063a037bb64bd32109ae09cb144e5f571b04dd7965db9d,Pinned CPython runtime/standard-library native extension,0x8664,2,14192
_internal/_elementtree.pyd,135160,5009a9a53c03ef8387443b5cf6ce08e5c3a79727466a0b931c5bbca915bf89ca,Pinned CPython runtime/standard-library native extension,0x8664,2,13304
_internal/_hashlib.pyd,68976,03d233dbace599168eaffec823de6ed7beec8c2a4ebfe9b8a3d8e042a59af3ba,Pinned CPython runtime/standard-library native extension,0x8664,2,14192
_internal/_lzma.pyd,161136,e3deecc1f59a3b811c608861decd84de1e8df8bafd5e2b39188861318c5a38cf,Pinned CPython runtime/standard-library native extension,0x8664,2,14192
_internal/_multiprocessing.pyd,37368,2c636df7059cb0dd7e978dd735c7c5c8ddb09cf94754cf9e232296b96c5c545a,Pinned CPython runtime/standard-library native extension,0x8664,2,13304
_internal/_overlapped.pyd,57336,662126ff80c3a1b4cedf74074029c12ae4743e6d3b37376e39ac70aacb7d4d3c,Pinned CPython runtime/standard-library native extension,0x8664,2,13304
_internal/_queue.pyd,33784,48e76e0ad63f6932b4a77b5819f41c1e7595636ca8d9e824f0943a14b8bb5035,Pinned CPython runtime/standard-library native extension,0x8664,2,13304
_internal/_socket.pyd,85496,3efa4636cf9e350856f6927d67a4c2564bf9bd2758a00bbf17d3aece5b60016d,Pinned CPython runtime/standard-library native extension,0x8664,2,13304
_internal/_ssl.pyd,179432,0bc527d2dbc50009f43b2ed5d5982c4f63f4b647647ffa9eda612dcda80f6040,Pinned CPython runtime/standard-library native extension,0x8664,2,14056
_internal/_wmi.pyd,40304,a980f1e7a29842bd946863fc2693fbeb555a9dc0f9e1630dfed9a2fcdef3ece2,Pinned CPython runtime/standard-library native extension,0x8664,2,14192
_internal/api-ms-win-core-console-l1-1-0.dll,22072,88ace577a9c51061cb7d1a36babbbefa48212fadc838ffde98fdfff60de18386,Microsoft Windows API-set / Visual C++ / universal C runtime dependency,0x8664,3,9784
_internal/api-ms-win-core-datetime-l1-1-0.dll,22056,1bd81dfd19204b44662510d9054852fb77c9f25c1088d647881c9b976cc16818,Microsoft Windows API-set / Visual C++ / universal C runtime dependency,0x8664,3,9768
_internal/api-ms-win-core-debug-l1-1-0.dll,21944,591358eb4d1531e9563ee0813e4301c552ce364c912ce684d16576eabf195dc3,Microsoft Windows API-set / Visual C++ / universal C runtime dependency,0x8664,3,9656
_internal/api-ms-win-core-errorhandling-l1-1-0.dll,22096,d56ce7b1cd76108ad6c137326ec694a14c99d48c3d7b0ace8c3ff4d9bcee3ce8,Microsoft Windows API-set / Visual C++ / universal C runtime dependency,0x8664,3,9808
_internal/api-ms-win-core-fibers-l1-1-0.dll,22072,91d249d7bc0e38ef6bcb17158b1fdc6dd8888dc086615c9b8b750b87e52a5fb3,Microsoft Windows API-set / Visual C++ / universal C runtime dependency,0x8664,3,9784
_internal/api-ms-win-core-fibers-l1-1-1.dll,22072,fc9d86cec621383eab636ebc87ddd3f5c19a3cb2a33d97be112c051d0b275429,Microsoft Windows API-set / Visual C++ / universal C runtime dependency,0x8664,3,9784
_internal/api-ms-win-core-file-l1-1-0.dll,26152,1ca895aba4e7435563a6b43e85eba67a0f8c74aa6a6a94d0fc48fa35535e2585,Microsoft Windows API-set / Visual C++ / universal C runtime dependency,0x8664,3,9768
_internal/api-ms-win-core-file-l1-2-0.dll,22056,4cadbc0c39da7c6722206fdcebd670abe5b8d261e7b041dd94f9397a89d1990d,Microsoft Windows API-set / Visual C++ / universal C runtime dependency,0x8664,3,9768
_internal/api-ms-win-core-file-l2-1-0.dll,21960,93c624b366ba16c643fc8933070a26f03b073ad0cf7f80173266d67536c61989,Microsoft Windows API-set / Visual C++ / universal C runtime dependency,0x8664,3,9672
_internal/api-ms-win-core-handle-l1-1-0.dll,21944,39095f59c41d76ec81bb2723d646fde4c148e7cc3402f4980d2ade95cb9c84f9,Microsoft Windows API-set / Visual C++ / universal C runtime dependency,0x8664,3,9656
_internal/api-ms-win-core-heap-l1-1-0.dll,22072,8f105771b236dbcb859de271f0a6822ce1cb79c36988dd42c9e3f6f55c5f7eb9,Microsoft Windows API-set / Visual C++ / universal C runtime dependency,0x8664,3,9784
_internal/api-ms-win-core-interlocked-l1-1-0.dll,22072,53b25e753ca785bf8b695d89dde5818a318890211dc992a89146f16658f0b606,Microsoft Windows API-set / Visual C++ / universal C runtime dependency,0x8664,3,9784
_internal/api-ms-win-core-kernel32-legacy-l1-1-1.dll,22080,a9b13a1cd1b8c19b0c6b4afcd5bb0dd29c0e2288231ac9e6db8510094ce68ba6,Microsoft Windows API-set / Visual C++ / universal C runtime dependency,0x8664,3,9792
_internal/api-ms-win-core-libraryloader-l1-1-0.dll,22056,7f39ba298b41e4963047341288cab36b6a241835ee11ba4ad70f44dacd40906c,Microsoft Windows API-set / Visual C++ / universal C runtime dependency,0x8664,3,9768
_internal/api-ms-win-core-localization-l1-2-0.dll,22080,6ee44dd0d8510dc024c9f7c79b1b9fa88c987b26b6beb6653ddd11751c34e5dc,Microsoft Windows API-set / Visual C++ / universal C runtime dependency,0x8664,3,9792
_internal/api-ms-win-core-memory-l1-1-0.dll,22056,0512a35316ec9180437f86696a84c5c06a7e4e82e050055a656e5bf9fca206f9,Microsoft Windows API-set / Visual C++ / universal C runtime dependency,0x8664,3,9768
_internal/api-ms-win-core-namedpipe-l1-1-0.dll,22096,c05f1fffe3b5a2738ea54ce9485cca026fb9635f982626fba1e1dcc531897273,Microsoft Windows API-set / Visual C++ / universal C runtime dependency,0x8664,3,9808
_internal/api-ms-win-core-processenvironment-l1-1-0.dll,21968,c4eca98c3c67b6395d5b005b00ac1eb0318b86b23aa71035a44c2b1602befba9,Microsoft Windows API-set / Visual C++ / universal C runtime dependency,0x8664,3,9680
_internal/api-ms-win-core-processthreads-l1-1-0.dll,22096,5ccb89e93d67bc3288d4e84649c5346e66e15e3d7cd65d989daf3f4cb584be9a,Microsoft Windows API-set / Visual C++ / universal C runtime dependency,0x8664,3,9808
_internal/api-ms-win-core-processthreads-l1-1-1.dll,22072,4ad565a8ba3ef0ea8ab87221ad11f83ee0bc844ce236607958406663b407333e,Microsoft Windows API-set / Visual C++ / universal C runtime dependency,0x8664,3,9784
_internal/api-ms-win-core-profile-l1-1-0.dll,22080,7809160932f44e59b021699f5bc68799eb7293ee1fa926d6fcca3c3445302e61,Microsoft Windows API-set / Visual C++ / universal C runtime dependency,0x8664,3,9792
_internal/api-ms-win-core-rtlsupport-l1-1-0.dll,21960,9dc1e91e71c7c054854bd1487cb4e6946d82c9f463430f1c4e8d1471005172b1,Microsoft Windows API-set / Visual C++ / universal C runtime dependency,0x8664,3,9672
_internal/api-ms-win-core-string-l1-1-0.dll,22056,60fc31d2a0c634412f529dba76af3b9bf991352877c6dae528186d3935704cfd,Microsoft Windows API-set / Visual C++ / universal C runtime dependency,0x8664,3,9768
_internal/api-ms-win-core-synch-l1-1-0.dll,22056,3a72b4f29f39a265d32ad12f0ce15dbf60129c840e10d84d427829ede45e78ad,Microsoft Windows API-set / Visual C++ / universal C runtime dependency,0x8664,3,9768
_internal/api-ms-win-core-synch-l1-2-0.dll,22080,efc1e4460984a73cf47a3def033af1c8f3b1dbc1a56cd27781d3aacf3e3330cb,Microsoft Windows API-set / Visual C++ / universal C runtime dependency,0x8664,3,9792
_internal/api-ms-win-core-sysinfo-l1-1-0.dll,22072,b203d862ddef1dd62bf623fc866c7f7a9c317c1c2ae30d1f52cb41f955b5698e,Microsoft Windows API-set / Visual C++ / universal C runtime dependency,0x8664,3,9784
_internal/api-ms-win-core-sysinfo-l1-2-0.dll,22080,2703635d835396afd0f138d7c73751afe7e33a24f4225d08c1690b0a371932c0,Microsoft Windows API-set / Visual C++ / universal C runtime dependency,0x8664,3,9792
_internal/api-ms-win-core-timezone-l1-1-0.dll,22056,33f4fddc181066fce06b2227bded813f95e94ed1f3d785e982c6b6b56c510c57,Microsoft Windows API-set / Visual C++ / universal C runtime dependency,0x8664,3,9768
_internal/api-ms-win-core-util-l1-1-0.dll,21944,6eda016742a6171205a387a14b3c0b331841567740376f56768f8c151724207d,Microsoft Windows API-set / Visual C++ / universal C runtime dependency,0x8664,3,9656
_internal/api-ms-win-crt-conio-l1-1-0.dll,22056,b762061b688aae679afe788904d2c9970f74a7dac98f3b42463d08f25e483d3f,Microsoft Windows API-set / Visual C++ / universal C runtime dependency,0x8664,3,9768
_internal/api-ms-win-crt-convert-l1-1-0.dll,26056,ebb2ae5535a64f65daeab8235585114fc9dd2cf1a49f5852d446250b998b6ae4,Microsoft Windows API-set / Visual C++ / universal C runtime dependency,0x8664,3,9672
_internal/api-ms-win-crt-environment-l1-1-0.dll,22080,17d63275d00bdd8670422b95bd264c532998e0a1b041079e54fce4b6b7a55819,Microsoft Windows API-set / Visual C++ / universal C runtime dependency,0x8664,3,9792
_internal/api-ms-win-crt-filesystem-l1-1-0.dll,22056,9a9e2a65a281644e368d0f272b95ba5f6b445d1c35910d06056c5ebeb77402db,Microsoft Windows API-set / Visual C++ / universal C runtime dependency,0x8664,3,9768
_internal/api-ms-win-crt-heap-l1-1-0.dll,22096,bab9ac3ec83e380ae51e4295ef3bf2c738627812d3a49d1e713661abbc8dc57a,Microsoft Windows API-set / Visual C++ / universal C runtime dependency,0x8664,3,9808
_internal/api-ms-win-crt-locale-l1-1-0.dll,22080,bd14c67ea28e21d6257ad780a37122c9b5773f69e693f5db6bffaee4d839526e,Microsoft Windows API-set / Visual C++ / universal C runtime dependency,0x8664,3,9792
_internal/api-ms-win-crt-math-l1-1-0.dll,30248,606d66d82db562ea7979179d06486a0f94d079941d26b80a1e2c49d29959df6f,Microsoft Windows API-set / Visual C++ / universal C runtime dependency,0x8664,3,9768
_internal/api-ms-win-crt-private-l1-1-0.dll,75328,1bc82bed6143d2bf1b6b08a7809f4a5e29317d6fddd338a7da3c0223522e4bbf,Microsoft Windows API-set / Visual C++ / universal C runtime dependency,0x8664,3,9792
_internal/api-ms-win-crt-process-l1-1-0.dll,22096,f6156b1020380ec4f0e48577ebedaaef5fb1ab1f337d8b4e72e6a33a7567a9cc,Microsoft Windows API-set / Visual C++ / universal C runtime dependency,0x8664,3,9808
_internal/api-ms-win-crt-runtime-l1-1-0.dll,26152,c5902934d026d7e15fbe9917d474f3322846a41a25e66f4b2b1f758801879f4b,Microsoft Windows API-set / Visual C++ / universal C runtime dependency,0x8664,3,9768
_internal/api-ms-win-crt-stdio-l1-1-0.dll,26168,a9c5a153d8c0286f9b41a2b1c65854ad9e6471b8755b7de87bae4470e60bcab6,Microsoft Windows API-set / Visual C++ / universal C runtime dependency,0x8664,3,9784
_internal/api-ms-win-crt-string-l1-1-0.dll,26176,25b8f83a7767211b11132775a0e27a45aa4ec8ab4e6572599f9c172ae3606b40,Microsoft Windows API-set / Visual C++ / universal C runtime dependency,0x8664,3,9792
_internal/api-ms-win-crt-time-l1-1-0.dll,22096,7c7f6393f06de11750adb09cc5698ae55cd9fb27b2e51e207286feb1b5b2b156,Microsoft Windows API-set / Visual C++ / universal C runtime dependency,0x8664,3,9808
_internal/api-ms-win-crt-utility-l1-1-0.dll,21952,d8ba5f17b9ffcbf3aeaf3fa1da226832d2fa90f81acce0cd669464e76ce434ac,Microsoft Windows API-set / Visual C++ / universal C runtime dependency,0x8664,3,9664
_internal/libcrypto-3.dll,5231472,ccfffddcd3defb8d899026298af9af43bc186130f8483d77e97c93233d5f27d7,CPython standard-library SSL/hash/ctypes dependency,0x8664,2,14192
_internal/libffi-8.dll,39696,eff52743773eb550fcc6ce3efc37c85724502233b6b002a35496d828bd7b280a,CPython standard-library SSL/hash/ctypes dependency,0x8664,2,12048
_internal/libssl-3.dll,794992,007142039f04d04e0ed607bda53de095e5bc6a8a10d26ecedde94ea7d2d7eefe,CPython standard-library SSL/hash/ctypes dependency,0x8664,2,14192
_internal/numpy/_core/_multiarray_umath.cp312-win_amd64.pyd,4178432,d98a8f4ce703bf7158f639d24ff4a55ece2753a306a3f7074b4fa670660afee5,numpy 2.2.6: numerical arrays/extensions,0x8664,2,0
_internal/numpy/fft/_pocketfft_umath.cp312-win_amd64.pyd,279040,25cc37acd3d849c0fde1e0dc0112979dec4ec4279b7826d1a45395fe966068c9,numpy 2.2.6: numerical arrays/extensions,0x8664,2,0
_internal/numpy/linalg/_umath_linalg.cp312-win_amd64.pyd,108032,88c8d38d7b2f483542442292e149ca335462d1467b8e835b00a71a8b27125cf5,numpy 2.2.6: numerical arrays/extensions,0x8664,2,0
_internal/numpy/random/_bounded_integers.cp312-win_amd64.pyd,208384,0434a5b271f935deb8623bb8663f33132a70a8f4d1936c14432e16d4f6eb46fc,numpy 2.2.6: numerical arrays/extensions,0x8664,2,0
_internal/numpy/random/_common.cp312-win_amd64.pyd,152064,9a39d43e0ef73dfb5a8b1abce92ff0063bffcd580d8be275f468961b24b153af,numpy 2.2.6: numerical arrays/extensions,0x8664,2,0
_internal/numpy/random/_generator.cp312-win_amd64.pyd,714752,6dde7168fc52dcad27779d45dcc6828b91ec0d05bb6094c86d6aff8a1ee8e1b3,numpy 2.2.6: numerical arrays/extensions,0x8664,2,0
_internal/numpy/random/_mt19937.cp312-win_amd64.pyd,83456,3331809b214fc30e2fc167f742ca3b1a84b567d185d4194fa8893a032010eeb4,numpy 2.2.6: numerical arrays/extensions,0x8664,2,0
_internal/numpy/random/_pcg64.cp312-win_amd64.pyd,93696,448b71a0b7d9037d9655008fbc3081070fa801f757b83f9a3ee6e0934c095aa8,numpy 2.2.6: numerical arrays/extensions,0x8664,2,0
_internal/numpy/random/_philox.cp312-win_amd64.pyd,77312,9c989e7b0fc383e2fa5aa15de2f17c5875b690dc64c44891ee1e1d54ce7cac4a,numpy 2.2.6: numerical arrays/extensions,0x8664,2,0
_internal/numpy/random/_sfc64.cp312-win_amd64.pyd,60416,5732d38725cb5177c9de1e1d4bdb67389283a53986f87a5e52ca9255ec98c733,numpy 2.2.6: numerical arrays/extensions,0x8664,2,0
_internal/numpy/random/bit_generator.cp312-win_amd64.pyd,163328,eef81bf02fa9f387d6c4a18d52b22af58b737c01608f0d594130586a06022807,numpy 2.2.6: numerical arrays/extensions,0x8664,2,0
_internal/numpy/random/mtrand.cp312-win_amd64.pyd,603136,339f40f24231643777de36d5ff8121a07ccf2c4a66add63307d25f9d431c9928,numpy 2.2.6: numerical arrays/extensions,0x8664,2,0
_internal/numpy.libs/libscipy_openblas64_-13e2df515630b4a41f92893938845698.dll,20390912,6547e9fb966e9773caee2755e91a8bf4d6f3a2f0eebf9646b0158f8675ea4ab5,numpy 2.2.6: its OpenBLAS numerical runtime,0x8664,3,0
_internal/numpy.libs/msvcp140-263139962577ecda4cd9469ca360a746.dll,575056,a4c2229bdc2a2a630acdc095b4d86008e5c3e3bc7773174354f3da4f5beb9cde,numpy 2.2.6: its OpenBLAS numerical runtime,0x8664,3,20560
_internal/pyexpat.pyd,205304,d615e193d1affcdbfe504e90d3621cbdcff94bf72b79d899126534507fd6d27a,Pinned CPython runtime/standard-library native extension,0x8664,2,13304
_internal/PySide6/MSVCP140.dll,565384,2a2aef1d8ccb312edb33554e3db0ac8c158957dc3e31faf5de02b3eab340afcc,PySide6-Essentials 6.8.3: Qt GUI/SVG/platform/image plugins,0x8664,3,12424
_internal/PySide6/MSVCP140_1.dll,27784,b5730e2601752205a35b5ea8b387942aafec3485f8b602749fc50a9a8fc13a41,PySide6-Essentials 6.8.3: Qt GUI/SVG/platform/image plugins,0x8664,3,12424
_internal/PySide6/MSVCP140_2.dll,260232,5a3acd58b316ea45fccd2e4d707a919f009d66eb5588e3dbacf8c3fbab8f4649,PySide6-Essentials 6.8.3: Qt GUI/SVG/platform/image plugins,0x8664,3,12424
_internal/PySide6/opengl32sw.dll,20639880,0fe371cb37260efa36442c1b940aa7f8a98528380d4dc2523c7c3c020c57cc47,PySide6-Essentials 6.8.3: Qt GUI/SVG/platform/image plugins,0x8664,2,12424
_internal/PySide6/plugins/iconengines/qsvgicon.dll,77448,baa0248836e27d91ad66397607b5280d2187fc75770f7876a68ec356956c5620,PySide6-Essentials 6.8.3: Qt GUI/SVG/platform/image plugins,0x8664,2,12424
_internal/PySide6/plugins/imageformats/qgif.dll,47752,30aa3806f180711a99abc10e7cd87f5f66c343e403818d6b3fe44094997e843b,PySide6-Essentials 6.8.3: Qt GUI/SVG/platform/image plugins,0x8664,2,12424
_internal/PySide6/plugins/imageformats/qicns.dll,54920,978dc62225a39e8e17dabaaa8d933eb1c07287d60e83419267578721941735e6,PySide6-Essentials 6.8.3: Qt GUI/SVG/platform/image plugins,0x8664,2,12424
_internal/PySide6/plugins/imageformats/qico.dll,46216,9b542b13094a4b4eb35845d0e0166b7c8e8146b4fddab855831d614dc2c18d85,PySide6-Essentials 6.8.3: Qt GUI/SVG/platform/image plugins,0x8664,2,12424
_internal/PySide6/plugins/imageformats/qjpeg.dll,575624,3d82445b652c653282237350d41455faec8b1b13728ad04cc0e3a53ed89ee909,PySide6-Essentials 6.8.3: Qt GUI/SVG/platform/image plugins,0x8664,2,12424
_internal/PySide6/plugins/imageformats/qsvg.dll,39048,c3dcee56ec4df373c9f0261ac1e7fe76e9a7460b0658d0bdb02c5c42ab0171d1,PySide6-Essentials 6.8.3: Qt GUI/SVG/platform/image plugins,0x8664,2,12424
_internal/PySide6/plugins/imageformats/qtga.dll,38536,af96e94d49bafc216d53480caa362aa08502f5dfc3a40bd6a2793b982304ee87,PySide6-Essentials 6.8.3: Qt GUI/SVG/platform/image plugins,0x8664,2,12424
_internal/PySide6/plugins/imageformats/qtiff.dll,439432,47671b3990344c9aec8264f2b54718661977f8200f95ea030fe107526ae59430,PySide6-Essentials 6.8.3: Qt GUI/SVG/platform/image plugins,0x8664,2,12424
_internal/PySide6/plugins/imageformats/qwbmp.dll,37000,6e5070e1b45968d995b40b9383fb5a7483e9a77e235da3f9ed46d01f3d2985ef,PySide6-Essentials 6.8.3: Qt GUI/SVG/platform/image plugins,0x8664,2,12424
_internal/PySide6/plugins/imageformats/qwebp.dll,550024,614edf5eb9ffd6e5d037d95c2c98118732419b76603e1a330f748c2aeaa8e1d8,PySide6-Essentials 6.8.3: Qt GUI/SVG/platform/image plugins,0x8664,2,12424
_internal/PySide6/plugins/platforms/qdirect2d.dll,982152,84e5dc2bb8b085fb356c58ee1433b4d0564d65d478d92d4dd949e1a2dc3e6f2d,PySide6-Essentials 6.8.3: Qt GUI/SVG/platform/image plugins,0x8664,2,12424
_internal/PySide6/plugins/platforms/qminimal.dll,60040,63ce9866d9d02224695732c4f9778548e7037505ec0674b85b451a3d493f1abd,PySide6-Essentials 6.8.3: Qt GUI/SVG/platform/image plugins,0x8664,2,12424
_internal/PySide6/plugins/platforms/qoffscreen.dll,109192,9d797246a110199856ecb046f171959c3428313716a524a17f7d8aac865daf79,PySide6-Essentials 6.8.3: Qt GUI/SVG/platform/image plugins,0x8664,2,12424
_internal/PySide6/plugins/platforms/qwindows.dll,907912,3fc5e6acb36a916aff3029c05d07fed89234394268f1467e3b6f7284b820def4,PySide6-Essentials 6.8.3: Qt GUI/SVG/platform/image plugins,0x8664,2,12424
_internal/PySide6/plugins/styles/qmodernwindowsstyle.dll,215688,f3aab945da37da86df3cbd418b172889993be49e2a3789a07645d40ccde23bec,PySide6-Essentials 6.8.3: Qt GUI/SVG/platform/image plugins,0x8664,2,12424
_internal/PySide6/pyside6.abi3.dll,238216,85c1a0c3303191cbaa18e8b52f813223b62ab1c34cacc3669c450a70f898cbd5,PySide6-Essentials 6.8.3: Qt GUI/SVG/platform/image plugins,0x8664,2,12424
_internal/PySide6/Qt6Core.dll,6159496,6965720757c87788c1701b236b8157270f3ea9b7d5eaf2d1297b21803fc3b000,PySide6-Essentials 6.8.3: Qt GUI/SVG/platform/image plugins,0x8664,2,12424
_internal/PySide6/Qt6Gui.dll,9285768,428e11074a3764184f06bd437779f483f5c754c8c8de5a6cda94d9ed108a4789,PySide6-Essentials 6.8.3: Qt GUI/SVG/platform/image plugins,0x8664,2,12424
_internal/PySide6/Qt6Svg.dll,528520,92f4e42c483922ebe77fd620a8935a7cf4894c947809b5729e6c49f3be1f9fe5,PySide6-Essentials 6.8.3: Qt GUI/SVG/platform/image plugins,0x8664,2,12424
_internal/PySide6/Qt6SvgWidgets.dll,58504,9159d7c46ac06e7826cdb9216cab93be8cb0c11d8f039235d7000c6faae6c136,PySide6-Essentials 6.8.3: Qt GUI/SVG/platform/image plugins,0x8664,2,12424
_internal/PySide6/Qt6Widgets.dll,6500488,85023696a1f024a8af06736b50afa44395d7b9ecb6462284fc4bd6363f27510f,PySide6-Essentials 6.8.3: Qt GUI/SVG/platform/image plugins,0x8664,2,12424
_internal/PySide6/QtCore.pyd,3442824,ba4413c25ecc3fb6f0456287ce8dd32c72225a45f42a0aa96f91c4a650a96b65,PySide6-Essentials 6.8.3: Qt GUI/SVG/platform/image plugins,0x8664,2,12424
_internal/PySide6/QtGui.pyd,3992200,8934ae4a884f87990b30bdb1bf8395aea2a3fb558f472ee5c1890e879e59baab,PySide6-Essentials 6.8.3: Qt GUI/SVG/platform/image plugins,0x8664,2,12424
_internal/PySide6/QtSvg.pyd,119944,53158efc0d11debe889ac4ab88f605158638436d001c4f9e9ce5547790447d18,PySide6-Essentials 6.8.3: Qt GUI/SVG/platform/image plugins,0x8664,2,12424
_internal/PySide6/QtSvgWidgets.pyd,141960,8328ca31a2d4cf6e728a24e27e6aa4d5d1b2c531474040894df81042815ca8cd,PySide6-Essentials 6.8.3: Qt GUI/SVG/platform/image plugins,0x8664,2,12424
_internal/PySide6/QtWidgets.pyd,5824648,ae79cc3e2715b18aa8800508bccd953eca7e627256302748aa7f8ba6c8717211,PySide6-Essentials 6.8.3: Qt GUI/SVG/platform/image plugins,0x8664,2,12424
_internal/PySide6/VCRUNTIME140.dll,111240,7516a369770fce4c993c0aa6a91f872e8e97873e85866851ae7351eb1dfed528,PySide6-Essentials 6.8.3: Qt GUI/SVG/platform/image plugins,0x8664,3,12424
_internal/PySide6/VCRUNTIME140_1.dll,41608,ac1a338047211cc6def2330b7e9f866260ce4ab50c43b858f156960b39846ca5,PySide6-Essentials 6.8.3: Qt GUI/SVG/platform/image plugins,0x8664,3,12424
_internal/python3.dll,70376,fb975a606e7fbf74f64260e3f60c3490b4f74a183c0926fd6ed1ac4c52ac7b1c,Pinned CPython runtime/standard-library native extension,0x8664,2,14056
_internal/python312.dll,6945272,9a0e3435aaa680d868150f87ab3e388ad2eebc22f87e036155c7b4eda8cd2120,Pinned CPython runtime/standard-library native extension,0x8664,2,13304
_internal/scipy/_lib/_ccallback_c.cp312-win_amd64.pyd,116224,decb278a50573e039d0d96486940259bdb1e484ad380bede8f257c635725f87f,scipy 1.15.3: interpolation/integration/numerical extensions,0x8664,3,0
_internal/scipy/_lib/_fpumode.cp312-win_amd64.pyd,15872,e9de7bb302dd12caece2e47a1ec53b3047ef08beefaec2e18496f4ab252bf3aa,scipy 1.15.3: interpolation/integration/numerical extensions,0x8664,3,0
_internal/scipy/_lib/_uarray/_uarray.cp312-win_amd64.pyd,235008,d6bdc9cb4c98ba33fbf0971b5d887cadfc02dbc5c7dc1054d5cd6c788b6ea7bc,scipy 1.15.3: interpolation/integration/numerical extensions,0x8664,3,0
_internal/scipy/_lib/messagestream.cp312-win_amd64.pyd,68096,970288c5cd47de19574e700303e17709c39d3aa83b9ef6b08c8f9c89e1ee055e,scipy 1.15.3: interpolation/integration/numerical extensions,0x8664,3,0
_internal/scipy/fft/_pocketfft/pypocketfft.cp312-win_amd64.pyd,1078784,24e2d107be19cd08fcb6b04cb13cf348074ac1da0a28722947a82fb63128eb41,scipy 1.15.3: interpolation/integration/numerical extensions,0x8664,3,0
_internal/scipy/integrate/_dop.cp312-win_amd64.pyd,434688,66d70fa53af36450467c5e4a860b0179cdbab57f34ce3afe5b0552fdb89a7e20,scipy 1.15.3: interpolation/integration/numerical extensions,0x8664,3,0
_internal/scipy/integrate/_lsoda.cp312-win_amd64.pyd,555520,9b91624488e3efc70c819be1bcfd63e0f6c92f7d34b9638609e7d351b3609d09,scipy 1.15.3: interpolation/integration/numerical extensions,0x8664,3,0
_internal/scipy/integrate/_odepack.cp312-win_amd64.pyd,534528,fd7b2c63b908a8b44ef52fc99f2a0dbee39a2543f825aceb7c2a7971a323696a,scipy 1.15.3: interpolation/integration/numerical extensions,0x8664,3,0
_internal/scipy/integrate/_quadpack.cp312-win_amd64.pyd,143360,7ab8373c14a259366d8993f92c0f5d3de580858a1faabdf6a1154ea76314c632,scipy 1.15.3: interpolation/integration/numerical extensions,0x8664,3,0
_internal/scipy/integrate/_vode.cp312-win_amd64.pyd,616960,13cdf98cffa0720d2115b6f8793bcb6f9493f2b75b76a11d5ff315ca2eb0f9e6,scipy 1.15.3: interpolation/integration/numerical extensions,0x8664,3,0
_internal/scipy/interpolate/_bspl.cp312-win_amd64.pyd,1173504,2ab3d54cad8db786e4894227ff28c557b1149b19f7dc9789fc884cff2aa770b6,scipy 1.15.3: interpolation/integration/numerical extensions,0x8664,3,0
_internal/scipy/interpolate/_dfitpack.cp312-win_amd64.pyd,663552,c372459220bfbb713b5613542b61c5e2cd93bfc9ae862203f51c191dfe5a8465,scipy 1.15.3: interpolation/integration/numerical extensions,0x8664,3,0
_internal/scipy/interpolate/_dierckx.cp312-win_amd64.pyd,973312,d5f57c66c0ef347971d8ddf2a9559f18dc0391fe3ce8bcb1e1aef661dfc4b1f1,scipy 1.15.3: interpolation/integration/numerical extensions,0x8664,3,0
_internal/scipy/interpolate/_fitpack.cp312-win_amd64.pyd,420864,e812babffadd938494464556df987f8a20d1ec12ccccffaec4e293b80ed554aa,scipy 1.15.3: interpolation/integration/numerical extensions,0x8664,3,0
_internal/scipy/interpolate/_interpnd.cp312-win_amd64.pyd,406528,c5c1e0421698d609cf0040ffc17385d3db2a2ecc52be20d030a23d9235a23523,scipy 1.15.3: interpolation/integration/numerical extensions,0x8664,3,0
_internal/scipy/interpolate/_ppoly.cp312-win_amd64.pyd,440832,1943fa34220aacbcbf32811fcdfd46f51d93d236d518d2c4f77c5f4b5039e6cb,scipy 1.15.3: interpolation/integration/numerical extensions,0x8664,3,0
_internal/scipy/interpolate/_rbfinterp_pythran.cp312-win_amd64.pyd,1165312,dd80f90c70650a3d64829b04648f4813376178838d8b671badae71813a9fac30,scipy 1.15.3: interpolation/integration/numerical extensions,0x8664,3,0
_internal/scipy/interpolate/_rgi_cython.cp312-win_amd64.pyd,269312,123189724f07ecd11805c0bcd534cc22c8c26436c97ce5ee256bad0610d488d9,scipy 1.15.3: interpolation/integration/numerical extensions,0x8664,3,0
_internal/scipy/linalg/_cythonized_array_utils.cp312-win_amd64.pyd,564736,af758d0f6689c606ba2dbf3c963d89407fddac6ee85c61bbc0a3bc47b3ff2737,scipy 1.15.3: interpolation/integration/numerical extensions,0x8664,3,0
_internal/scipy/linalg/_decomp_interpolative.cp312-win_amd64.pyd,974336,8692a312092affd7572205c1186dd7232a7877a771570f82b6874f6ab58a136c,scipy 1.15.3: interpolation/integration/numerical extensions,0x8664,3,0
_internal/scipy/linalg/_decomp_lu_cython.cp312-win_amd64.pyd,248832,7c5008b9c1f64ef0632aeb3b5984fd6c4f40f2ec5282e4cabd8a4b213d069e14,scipy 1.15.3: interpolation/integration/numerical extensions,0x8664,3,0
_internal/scipy/linalg/_decomp_update.cp312-win_amd64.pyd,336384,ada4bf1ce9521eadd7ab878f2481d4b7a7268f19094ca51a6d81e09375445227,scipy 1.15.3: interpolation/integration/numerical extensions,0x8664,3,0
_internal/scipy/linalg/_fblas.cp312-win_amd64.pyd,712704,488e506c03f74ed2628cc4457fbaf78fe4da8bcd2d16390acca525cdd4a2b6bc,scipy 1.15.3: interpolation/integration/numerical extensions,0x8664,3,0
_internal/scipy/linalg/_flapack.cp312-win_amd64.pyd,2055680,b182c6119ba42c8d87f2232e515abc58f629371ad519f72e3dfa4329a99b8511,scipy 1.15.3: interpolation/integration/numerical extensions,0x8664,3,0
_internal/scipy/linalg/_linalg_pythran.cp312-win_amd64.pyd,1061888,ee30359b9f236154bb069816c0548d4658dcdafc711c5363708e603b11151693,scipy 1.15.3: interpolation/integration/numerical extensions,0x8664,3,0
_internal/scipy/linalg/_matfuncs_expm.cp312-win_amd64.pyd,229376,3e891745614ec74dd3df732b91b9e9c0a08be77206f7c5261915e8d7095b7834,scipy 1.15.3: interpolation/integration/numerical extensions,0x8664,3,0
_internal/scipy/linalg/_matfuncs_sqrtm_triu.cp312-win_amd64.pyd,253440,bcf66ff19ad47d7ace8724effb7f66190889f78bfcdc2fe5928f84f2a5dcd09b,scipy 1.15.3: interpolation/integration/numerical extensions,0x8664,3,0
_internal/scipy/linalg/_solve_toeplitz.cp312-win_amd64.pyd,271360,534276863a2447625fe9471c32768170c603d066d81297b36940305e40648b41,scipy 1.15.3: interpolation/integration/numerical extensions,0x8664,3,0
_internal/scipy/linalg/cython_blas.cp312-win_amd64.pyd,276992,512c8d55d4e0f13ba407ea2930313f9cf9d4e1164dcec72c066a61dd73768997,scipy 1.15.3: interpolation/integration/numerical extensions,0x8664,3,0
_internal/scipy/linalg/cython_lapack.cp312-win_amd64.pyd,527360,706601ca2a5225d8da7584de8df0d11d97796d9f3e68062f5cec4b586d7359cd,scipy 1.15.3: interpolation/integration/numerical extensions,0x8664,3,0
_internal/scipy/ndimage/_nd_image.cp312-win_amd64.pyd,177152,0e737fc0fd08797022b5c31203d9fb82c94caae45f99dc9d0aaf1888e1f11e6f,scipy 1.15.3: interpolation/integration/numerical extensions,0x8664,3,0
_internal/scipy/ndimage/_ni_label.cp312-win_amd64.pyd,406016,666ed29dbf1f6b13f1a9c5b33bce919180b77fb4e5cb06c3c798ea59612d75d7,scipy 1.15.3: interpolation/integration/numerical extensions,0x8664,3,0
_internal/scipy/ndimage/_rank_filter_1d.cp312-win_amd64.pyd,145408,fc9eff632e5224230303058feb72ac886f58d3e0035628889060a2b0f66a263b,scipy 1.15.3: interpolation/integration/numerical extensions,0x8664,3,0
_internal/scipy/optimize/_bglu_dense.cp312-win_amd64.pyd,312320,5a132f3e5769adec89dac46a568d0dddf0f6495dcb75ef626f5c9a57cffb6c69,scipy 1.15.3: interpolation/integration/numerical extensions,0x8664,3,0
_internal/scipy/optimize/_cobyla.cp312-win_amd64.pyd,419840,48c716d9b5af68bf695c8adbb9aea5899fcad561ad875dcd0e4e2d802f9977bd,scipy 1.15.3: interpolation/integration/numerical extensions,0x8664,3,0
_internal/scipy/optimize/_cython_nnls.cp312-win_amd64.pyd,100352,bfbec15eb68f5841933eb029c0389c15808e0526497fe146115dcfaa6ba3d71f,scipy 1.15.3: interpolation/integration/numerical extensions,0x8664,3,0
_internal/scipy/optimize/_direct.cp312-win_amd64.pyd,70144,12121132e88d68b09d4d5a187c02e0d5e06d0ddc18999ce917ff24af079b25ba,scipy 1.15.3: interpolation/integration/numerical extensions,0x8664,3,0
_internal/scipy/optimize/_group_columns.cp312-win_amd64.pyd,1033216,cdc1e37a2d4b1b360bfb55c2a05194a6c4b284c60ed1002bb5d483ccbf84fa9a,scipy 1.15.3: interpolation/integration/numerical extensions,0x8664,3,0
_internal/scipy/optimize/_highspy/_core.cp312-win_amd64.pyd,5775872,e7e6df4a5d8e16ecbb8110728e6e6caf5a1fef62b9b5f4def8213acc9a290ba4,scipy 1.15.3: interpolation/integration/numerical extensions,0x8664,3,0
_internal/scipy/optimize/_highspy/_highs_options.cp312-win_amd64.pyd,1220096,cb8d2e055304a449a9691124da4230b79a072a3d9917943ce9abca524d33c0f7,scipy 1.15.3: interpolation/integration/numerical extensions,0x8664,3,0
_internal/scipy/optimize/_lbfgsb.cp312-win_amd64.pyd,171520,cc1c4979ada9001c77f3d954349adc988312f43c6447969ead85b4d0cbf5a213,scipy 1.15.3: interpolation/integration/numerical extensions,0x8664,3,0
_internal/scipy/optimize/_lsap.cp312-win_amd64.pyd,177664,bcc3e91e8ccb5203ae0792261fbe69396e13214ba6bbdc9d0d48b6aaf3cfd7ed,scipy 1.15.3: interpolation/integration/numerical extensions,0x8664,3,0
_internal/scipy/optimize/_lsq/givens_elimination.cp312-win_amd64.pyd,207360,0ee0afec40a4dd4083c6bf68a7305de48a47524aadf1ce101256a597be2388f0,scipy 1.15.3: interpolation/integration/numerical extensions,0x8664,3,0
_internal/scipy/optimize/_minpack.cp312-win_amd64.pyd,123904,d8f1e7f3c14eb5b205a302723866339ecdfd70bd7136499bc36aadf64395b3f6,scipy 1.15.3: interpolation/integration/numerical extensions,0x8664,3,0
_internal/scipy/optimize/_moduleTNC.cp312-win_amd64.pyd,160256,6e111faa96f26224fac35049b12f408e6a573a1c73d5c17994c34575c868c577,scipy 1.15.3: interpolation/integration/numerical extensions,0x8664,3,0
_internal/scipy/optimize/_pava_pybind.cp312-win_amd64.pyd,287744,c99ad617c09a7c68a9d0bc73c2ebd3e5daf9b64c1fa7dd908bc495e017998af3,scipy 1.15.3: interpolation/integration/numerical extensions,0x8664,3,0
_internal/scipy/optimize/_slsqp.cp312-win_amd64.pyd,108032,759c03c429ae09cb46400e062cf425d94513c4a8275c324039d190c742e43547,scipy 1.15.3: interpolation/integration/numerical extensions,0x8664,3,0
_internal/scipy/optimize/_trlib/_trlib.cp312-win_amd64.pyd,339968,042fd7a650039b150b16c2b9c0188bda8638a134c6aaa7b74105a8197ec9fb3b,scipy 1.15.3: interpolation/integration/numerical extensions,0x8664,3,0
_internal/scipy/optimize/_zeros.cp312-win_amd64.pyd,23040,c7b6c1630d17410db58ba3bcacea4168ff14b410e4610ca606eb92a21d70fdcd,scipy 1.15.3: interpolation/integration/numerical extensions,0x8664,3,0
_internal/scipy/sparse/_csparsetools.cp312-win_amd64.pyd,741888,e1288992e0bbeb98297feb86d67e622c5bbf6569b0e9201f1bbbe4d8653e56d8,scipy 1.15.3: interpolation/integration/numerical extensions,0x8664,3,0
_internal/scipy/sparse/_sparsetools.cp312-win_amd64.pyd,4275712,353b1c99f8d6ad49cbdbb311a2a82965d9acb6b4acf2c49ba93e69f51ccedbde,scipy 1.15.3: interpolation/integration/numerical extensions,0x8664,3,0
_internal/scipy/sparse/csgraph/_flow.cp312-win_amd64.pyd,309248,de1954127210ca572d523e4787b96c599592b12f8758accf16005b42795c7a18,scipy 1.15.3: interpolation/integration/numerical extensions,0x8664,3,0
_internal/scipy/sparse/csgraph/_matching.cp312-win_amd64.pyd,315904,dcf485bd4f6e9fa2ba6daff1c5741f7dd664d70127fe4aeefdfd5d0d47ea4bdd,scipy 1.15.3: interpolation/integration/numerical extensions,0x8664,3,0
_internal/scipy/sparse/csgraph/_min_spanning_tree.cp312-win_amd64.pyd,240640,46c4701e06921ab890dda05745a4d1c951acff443448d1a945e8667b8da0cc3f,scipy 1.15.3: interpolation/integration/numerical extensions,0x8664,3,0
_internal/scipy/sparse/csgraph/_reordering.cp312-win_amd64.pyd,295424,3eb54c2cd5a44daa81ba746a6b812a043bebd67257f5f335e2a76ffbd146c5c1,scipy 1.15.3: interpolation/integration/numerical extensions,0x8664,3,0
_internal/scipy/sparse/csgraph/_shortest_path.cp312-win_amd64.pyd,514048,d20a18d4bbd4cde560a718533c77f3c97ab7e518a069e7efaa834512e955678a,scipy 1.15.3: interpolation/integration/numerical extensions,0x8664,3,0
_internal/scipy/sparse/csgraph/_tools.cp312-win_amd64.pyd,179712,4b1727a42caa504263fcc2111d908cfab90b5072b72b97bc1fba8ecffc00b990,scipy 1.15.3: interpolation/integration/numerical extensions,0x8664,3,0
_internal/scipy/sparse/csgraph/_traversal.cp312-win_amd64.pyd,608256,8caf249152e7523a987d4f80e685e83a99580a57fa0fd4a7d85306453427b6e2,scipy 1.15.3: interpolation/integration/numerical extensions,0x8664,3,0
_internal/scipy/sparse/linalg/_dsolve/_superlu.cp312-win_amd64.pyd,541696,d3a96fe6be5054bb943d35c2c8f2f0ef77a4d7875d1713a5090e76bfbcf34d33,scipy 1.15.3: interpolation/integration/numerical extensions,0x8664,3,0
_internal/scipy/sparse/linalg/_eigen/arpack/_arpack.cp312-win_amd64.pyd,922112,18b0563da12cd57229e94d156f46580f25cf281676d267bf0a1b1f22eeb3775b,scipy 1.15.3: interpolation/integration/numerical extensions,0x8664,3,0
_internal/scipy/sparse/linalg/_propack/_cpropack.cp312-win_amd64.pyd,605184,94c7f4e62152c9d24d8592884ba1e61c5f52dda7c40dbd5cf2e9f168dbc21551,scipy 1.15.3: interpolation/integration/numerical extensions,0x8664,3,0
_internal/scipy/sparse/linalg/_propack/_dpropack.cp312-win_amd64.pyd,573440,124d35c7587a131788ab622451b9af3ec2f782d652c4942c90a1feca56c97d8c,scipy 1.15.3: interpolation/integration/numerical extensions,0x8664,3,0
_internal/scipy/sparse/linalg/_propack/_spropack.cp312-win_amd64.pyd,574976,4fe4417c149374f28cedcfc26180dc0042672c1fc958d085d7f8e899c43bf68c,scipy 1.15.3: interpolation/integration/numerical extensions,0x8664,3,0
_internal/scipy/sparse/linalg/_propack/_zpropack.cp312-win_amd64.pyd,594432,a1333bf062a991b146fb21e2715a2caafb19ce5b60bb702c34f63c829b6dae04,scipy 1.15.3: interpolation/integration/numerical extensions,0x8664,3,0
_internal/scipy/spatial/_ckdtree.cp312-win_amd64.pyd,1685504,26f34df78d8d8d2fd6d596edb236dbfaf8480fa1f08c940ca4b8ad6649b29e3e,scipy 1.15.3: interpolation/integration/numerical extensions,0x8664,3,0
_internal/scipy/spatial/_distance_pybind.cp312-win_amd64.pyd,1390080,c3c094a40b3d9568b2df53851b3134fb0e7f354266c53e4e1dd2ffa5cf22c825,scipy 1.15.3: interpolation/integration/numerical extensions,0x8664,3,0
_internal/scipy/spatial/_distance_wrap.cp312-win_amd64.pyd,111104,ad4a817129925c3ace07777e85d841b1c9702c3e12cbdc7c627b88da3a0914de,scipy 1.15.3: interpolation/integration/numerical extensions,0x8664,3,0
_internal/scipy/spatial/_hausdorff.cp312-win_amd64.pyd,223232,3820cd8fcae616c7ffb421581d4bfd33a291f13210726bf114c30006ea8be2f5,scipy 1.15.3: interpolation/integration/numerical extensions,0x8664,3,0
_internal/scipy/spatial/_qhull.cp312-win_amd64.pyd,1080320,e2fa4ca719aa7b667ea7271d1605d04e5a61bf0c3e1f39f3bb00431dbf33b030,scipy 1.15.3: interpolation/integration/numerical extensions,0x8664,3,0
_internal/scipy/spatial/_voronoi.cp312-win_amd64.pyd,214528,772399886dd99389953f6c0cfadb79e9bb2442d6105519a55153fda6908669cd,scipy 1.15.3: interpolation/integration/numerical extensions,0x8664,3,0
_internal/scipy/spatial/transform/_rotation.cp312-win_amd64.pyd,937984,c4d7fedfcbc1bfe6f181aafadc09f83d9723394d78f4da763997508507d3de72,scipy 1.15.3: interpolation/integration/numerical extensions,0x8664,3,0
_internal/scipy/special/_comb.cp312-win_amd64.pyd,50176,93a829343ad6a93a7236ee4c7bbbee04ffec7b2e8196cbbb195ab46d4954bea3,scipy 1.15.3: interpolation/integration/numerical extensions,0x8664,3,0
_internal/scipy/special/_ellip_harm_2.cp312-win_amd64.pyd,113152,c1df8efb0eea22658e334f0de4a42af6d744a78fa110b410508409f539b91ccc,scipy 1.15.3: interpolation/integration/numerical extensions,0x8664,3,0
_internal/scipy/special/_gufuncs.cp312-win_amd64.pyd,1515520,6e62465fc8786b125047bbc2d92a3f57f540dd132e9fba8094bb4d548cdaed22,scipy 1.15.3: interpolation/integration/numerical extensions,0x8664,3,0
_internal/scipy/special/_specfun.cp312-win_amd64.pyd,347648,0ae895c4deaa06d04946403b1385ec36b05d76a93414ec8cbb161fe2c554b92f,scipy 1.15.3: interpolation/integration/numerical extensions,0x8664,3,0
_internal/scipy/special/_special_ufuncs.cp312-win_amd64.pyd,2190848,d9119d96b085734dbf1ee3b8ae192cbdae866c029d9427cf98aa89f5716ba3c0,scipy 1.15.3: interpolation/integration/numerical extensions,0x8664,3,0
_internal/scipy/special/_ufuncs.cp312-win_amd64.pyd,1479168,2b244388c9ba2b62670ab85a1284c561a4ffef561302bc46c945125e29331c23,scipy 1.15.3: interpolation/integration/numerical extensions,0x8664,3,0
_internal/scipy/special/_ufuncs_cxx.cp312-win_amd64.pyd,2377728,77cc5e3f8423f661e24b80a33e46c9f0c7f1220e3486ef87cd2a41421defabad,scipy 1.15.3: interpolation/integration/numerical extensions,0x8664,3,0
_internal/scipy/special/cython_special.cp312-win_amd64.pyd,3141120,f7993a176cd0911d42861cb2e9d89d8f7e988213879defb6a82d4b5ffb89084c,scipy 1.15.3: interpolation/integration/numerical extensions,0x8664,3,0
_internal/scipy/special/libsf_error_state.dll,112594,76136a99b5793780607926b104856a034c26dc574205d9e51ef791d6f3015ae8,scipy 1.15.3: interpolation/integration/numerical extensions,0x8664,3,0
_internal/scipy/stats/_ansari_swilk_statistics.cp312-win_amd64.pyd,253952,d2c689c144abe63a553dd51335bad10d591f99c45b05bd4f4e6e23eb7bc58774,scipy 1.15.3: interpolation/integration/numerical extensions,0x8664,3,0
_internal/scipy/stats/_biasedurn.cp312-win_amd64.pyd,362496,4890f673e35298bcea426f5c7b945415212c8296d10880ad4151e7e02f0426dc,scipy 1.15.3: interpolation/integration/numerical extensions,0x8664,3,0
_internal/scipy/stats/_levy_stable/levyst.cp312-win_amd64.pyd,56832,a1fc470c35b6e2a2bbcd489e1a7962df8b940aafdbd1605c87598442df85ca43,scipy 1.15.3: interpolation/integration/numerical extensions,0x8664,3,0
_internal/scipy/stats/_mvn.cp312-win_amd64.pyd,106496,78e6c2665f39167c07b65f1996a3e3c0ac28f8b38b8e0c6122da7b4b7e417144,scipy 1.15.3: interpolation/integration/numerical extensions,0x8664,3,0
_internal/scipy/stats/_qmc_cy.cp312-win_amd64.pyd,403968,76e0c8131c969caccdaf34e9bc0574d7c75d23a400fd0933f00157c2e9912dc5,scipy 1.15.3: interpolation/integration/numerical extensions,0x8664,3,0
_internal/scipy/stats/_rcont/rcont.cp312-win_amd64.pyd,233472,c2cadb56041b0df98f86c3fee5ee9dd3efe29cc1f9a1c87b29cd1137dd5f5872,scipy 1.15.3: interpolation/integration/numerical extensions,0x8664,3,0
_internal/scipy/stats/_sobol.cp312-win_amd64.pyd,364544,6efeb15873344fd16af1a5aa58435099a32ddaf8f5d60b177e597c80b3427f12,scipy 1.15.3: interpolation/integration/numerical extensions,0x8664,3,0
_internal/scipy/stats/_stats.cp312-win_amd64.pyd,683520,b36c266d07bcee5712f739ccb7ec8881c88dca71ed541eb306a8167c91e70492,scipy 1.15.3: interpolation/integration/numerical extensions,0x8664,3,0
_internal/scipy/stats/_stats_pythran.cp312-win_amd64.pyd,1086464,42620e5b791f90dd4763309effd18fffb5331bc8ad0c22af829ef81a6c5e521d,scipy 1.15.3: interpolation/integration/numerical extensions,0x8664,3,0
_internal/scipy.libs/libscipy_openblas-f07f5a5d207a3a47104dca54d6d0c86a.dll,20155392,6b2103f2ae4d8547998b5d188e9801fba6cb12404ae8e4bfff319e8cc1949000,scipy 1.15.3: its distinct OpenBLAS ABI/runtime,0x8664,3,0
_internal/select.pyd,33136,d4d7181b11db0bd22a6cd5cda6f8583d1f5c77615fd0a6ca33350619d6e0438a,Pinned CPython runtime/standard-library native extension,0x8664,2,14192
_internal/shapely/_geometry_helpers.cp312-win_amd64.pyd,205312,bf31fb539d74e5e078b4a356498230e0e8fa2a24d2072f6fa0e0962edc8e6af5,shapely 2.0.7: topology/geometry bindings,0x8664,2,0
_internal/shapely/_geos.cp312-win_amd64.pyd,47616,687b495de90f39bc8027f1a3382cd27b8d2c7999233a5cc260cdcb08f405cbd4,shapely 2.0.7: topology/geometry bindings,0x8664,2,0
_internal/shapely/lib.cp312-win_amd64.pyd,141824,6838ef572712d985f3aaa4e5fc9ec9cb1478b1e3403e1c9f2cea2e042ebbd14e,shapely 2.0.7: topology/geometry bindings,0x8664,2,0
_internal/Shapely.libs/geos-601667c569b99092781bd4af7fecde0b.dll,1995776,a57da3c82825b27dad652302598f726db30d52fe85946eb629f7c25241e3b7c0,shapely 2.0.7: GEOS geometry runtime,0x8664,2,0
_internal/Shapely.libs/geos_c-2ec21252057a9a4d4390485e0e576a5a.dll,382464,b2b4092aa8160d8dc1efc34f7450a4ea9c32389e72c929436c5257113ff1a755,shapely 2.0.7: GEOS geometry runtime,0x8664,2,0
_internal/Shapely.libs/msvcp140-4cdfd5d0df96900d509f170af6d4ba5f.dll,567336,dd9ba6585fb68d170e8c98c29af89054ddf9b80461befd435d1d1181bc2ac010,shapely 2.0.7: GEOS geometry runtime,0x8664,3,10280
_internal/shiboken6/MSVCP140.dll,565384,38ea04a8369a8d578f194d50f9d050cd04821ce09ee1bc92aff755d12e8421ed,shiboken6 6.8.3: Python/Qt binding runtime,0x8664,3,12424
_internal/shiboken6/Shiboken.pyd,32392,d823883139737f6591db4cce513cb7cf464636ba2d38525ab9894e2f0017da6c,shiboken6 6.8.3: Python/Qt binding runtime,0x8664,2,12424
_internal/shiboken6/shiboken6.abi3.dll,371848,e2dbcabaa68bf92f4bb2f70af4ee0970bb8fb8a7c3ae16a12c9cd5b0094b9c58,shiboken6 6.8.3: Python/Qt binding runtime,0x8664,2,12424
_internal/shiboken6/VCRUNTIME140.dll,111240,578472ddb6ca711f866b4b355198989348d7c62348fcc9c314c20aea48f5434f,shiboken6 6.8.3: Python/Qt binding runtime,0x8664,3,12424
_internal/shiboken6/VCRUNTIME140_1.dll,41608,68b277fd42d3a482e8284ca3fc0d68644857283b76eaaee33297c6d30b142e4a,shiboken6 6.8.3: Python/Qt binding runtime,0x8664,3,12424
_internal/ucrtbase.dll,1361448,2e5fb14b7bf8540278f3614a12f0226e56a7cc9e64b81cbd976c6fcf2f71cbfb,Microsoft Windows API-set / Visual C++ / universal C runtime dependency,0x8664,3,9768
_internal/unicodedata.pyd,1140592,208ee1cd3cbad0828433ca7246b05be2b1ff5569983d27d296c0b38888585488,Pinned CPython runtime/standard-library native extension,0x8664,2,14192
_internal/VCRUNTIME140.dll,120400,052ad6a20d375957e82aa6a3c441ea548d89be0981516ca7eb306e063d5027f4,Microsoft Windows API-set / Visual C++ / universal C runtime dependency,0x8664,3,20560
_internal/VCRUNTIME140_1.dll,49776,6a99bc0128e0c7d6cbbf615fcc26909565e17d4ca3451b97f8987f9c6acbc6c8,Microsoft Windows API-set / Visual C++ / universal C runtime dependency,0x8664,3,20592
WrapLab.exe,8573180,924d6843122d597ab407e22603686264184c806bf8588ea58b46b07574704b63,WrapLab + stock PyInstaller 6.12.0 Windows GUI bootloader,0x8664,2,0
